<?xml version="1.0" encoding="utf-8"?><ArrayOfOrderItem xmlns:xsi="http://www.w3.org/2001/XMLSchema-instance" xmlns:xsd="http://www.w3.org/2001/XMLSchema"><OrderItem><ID>0</ID><ProductID>561719</ProductID><OrderID>0</OrderID><Price>300</Price><Amount>1</Amount></OrderItem><OrderItem><ID>0</ID><ProductID>480837</ProductID><OrderID>0</OrderID><Price>400</Price><Amount>6</Amount></OrderItem><OrderItem><ID>0</ID><ProductID>480837</ProductID><OrderID>0</OrderID><Price>400</Price><Amount>6</Amount></OrderItem><OrderItem><ID>0</ID><ProductID>480837</ProductID><OrderID>0</OrderID><Price>400</Price><Amount>6</Amount></OrderItem><OrderItem><ID>0</ID><ProductID>713398</ProductID><OrderID>0</OrderID><Price>270</Price><Amount>7</Amount></OrderItem><OrderItem><ID>0</ID><ProductID>713398</ProductID><OrderID>0</OrderID><Price>270</Price><Amount>7</Amount></OrderItem><OrderItem><ID>0</ID><ProductID>575314</ProductID><OrderID>0</OrderID><Price>150</Price><Amount>9</Amount></OrderItem><OrderItem><ID>0</ID><ProductID>720938</ProductID><OrderID>0</OrderID><Price>270</Price><Amount>8</Amount></OrderItem><OrderItem><ID>0</ID><ProductID>758038</ProductID><OrderID>0</OrderID><Price>400</Price><Amount>2</Amount></OrderItem><OrderItem><ID>0</ID><ProductID>575314</ProductID><OrderID>0</OrderID><Price>150</Price><Amount>9</Amount></OrderItem><OrderItem><ID>0</ID><ProductID>536367</ProductID><OrderID>0</OrderID><Price>250</Price><Amount>3</Amount></OrderItem><OrderItem><ID>0</ID><ProductID>575314</ProductID><OrderID>0</OrderID><Price>150</Price><Amount>9</Amount></OrderItem><OrderItem><ID>0</ID><ProductID>713398</ProductID><OrderID>0</OrderID><Price>270</Price><Amount>7</Amount></OrderItem><OrderItem><ID>0</ID><ProductID>758038</ProductID><OrderID>0</OrderID><Price>400</Price><Amount>2</Amount></OrderItem><OrderItem><ID>0</ID><ProductID>536367</ProductID><OrderID>0</OrderID><Price>250</Price><Amount>3</Amount></OrderItem><OrderItem><ID>0</ID><ProductID>758038</ProductID><OrderID>0</OrderID><Price>400</Price><Amount>2</Amount></OrderItem><OrderItem><ID>0</ID><ProductID>704696</ProductID><OrderID>0</OrderID><Price>200</Price><Amount>5</Amount></OrderItem><OrderItem><ID>0</ID><ProductID>704696</ProductID><OrderID>0</OrderID><Price>200</Price><Amount>5</Amount></OrderItem><OrderItem><ID>0</ID><ProductID>480837</ProductID><OrderID>0</OrderID><Price>400</Price><Amount>6</Amount></OrderItem><OrderItem><ID>0</ID><ProductID>561719</ProductID><OrderID>0</OrderID><Price>300</Price><Amount>1</Amount></OrderItem></ArrayOfOrderItem>