﻿<?xml version="1.0" encoding="utf-8"?>
<Orders>
  <Order>
    <ID>1</ID>
    <CustomerName>ff</CustomerName>
    <CustomerEmail>ff@j.l</CustomerEmail>
    <CustomerAdress>ff</CustomerAdress>
    <OrderDate>2023-02-23T16:28:31.5871658+02:00</OrderDate>
    <ShipDate>2023-02-23T16:41:04.2469824+02:00</ShipDate>
    <DeliveryDate>2023-02-23T16:41:22.8226405+02:00</DeliveryDate>
  </Order>
  <Order>
    <ID>2</ID>
    <CustomerName>bfdbfbdfb</CustomerName>
    <CustomerEmail>bvbf@gg.jj</CustomerEmail>
    <CustomerAdress />
    <OrderDate>2023-02-22T19:57:24.3034971+02:00</OrderDate>
    <ShipDate>2023-02-22T19:58:46.6991381+02:00</ShipDate>
    <DeliveryDate>2023-02-26T08:53:13.0369731+02:00</DeliveryDate>
  </Order>
  <Order>
    <ID>3</ID>
    <CustomerName>cddc</CustomerName>
    <CustomerEmail>dcd@h.k</CustomerEmail>
    <CustomerAdress>cdc</CustomerAdress>
    <OrderDate>2023-02-23T16:29:12.8272744+02:00</OrderDate>
    <ShipDate>2023-02-23T16:40:49.4413693+02:00</ShipDate>
    <DeliveryDate>2023-02-26T16:56:22.3817246+02:00</DeliveryDate>
  </Order>
  <Order>
    <ID>4</ID>
    <CustomerName>popop</CustomerName>
    <CustomerEmail>popop@hh.k</CustomerEmail>
    <CustomerAdress>popop</CustomerAdress>
    <OrderDate>2023-02-23T14:12:11.5012207+02:00</OrderDate>
    <ShipDate>2023-02-26T15:01:05.3191987+02:00</ShipDate>
    <DeliveryDate>2023-02-26T16:56:29.7204574+02:00</DeliveryDate>
  </Order>
  <Order>
    <ID>5</ID>
    <CustomerName>fefe</CustomerName>
    <CustomerEmail>de@j.l</CustomerEmail>
    <CustomerAdress>dede</CustomerAdress>
    <OrderDate>2023-02-23T15:28:30.3212169+02:00</OrderDate>
    <ShipDate>2023-02-26T15:01:11.7674621+02:00</ShipDate>
    <DeliveryDate>2023-02-26T17:10:47.095881+02:00</DeliveryDate>
  </Order>
  <Order>
    <ID>6</ID>
    <CustomerName>ttttt</CustomerName>
    <CustomerEmail>tt@gg.g</CustomerEmail>
    <CustomerAdress>ttt</CustomerAdress>
    <OrderDate>2023-02-23T16:43:36.4332236+02:00</OrderDate>
    <ShipDate>2023-02-26T15:01:16.9047708+02:00</ShipDate>
    <DeliveryDate>2023-02-26T18:26:21.2345815+02:00</DeliveryDate>
  </Order>
  <Order>
    <ID>7</ID>
    <CustomerName>jij</CustomerName>
    <CustomerEmail>jj@g.k</CustomerEmail>
    <CustomerAdress>jjj</CustomerAdress>
    <OrderDate>2023-02-23T16:44:00.6919119+02:00</OrderDate>
    <ShipDate>2023-02-26T15:01:21.956243+02:00</ShipDate>
    <DeliveryDate>2023-02-26T18:26:24.297215+02:00</DeliveryDate>
  </Order>
  <Order>
    <ID>8</ID>
    <CustomerName>hh</CustomerName>
    <CustomerEmail>hh@s.k</CustomerEmail>
    <CustomerAdress>hh</CustomerAdress>
    <OrderDate>2023-02-23T16:46:46.3270802+02:00</OrderDate>
    <ShipDate>2023-02-26T15:01:30.6018722+02:00</ShipDate>
    <DeliveryDate>2023-02-26T18:26:34.9441787+02:00</DeliveryDate>
  </Order>
  <Order>
    <ID>9</ID>
    <CustomerName>uuuuu</CustomerName>
    <CustomerEmail>uuu@h.k</CustomerEmail>
    <CustomerAdress>uuuuu</CustomerAdress>
    <OrderDate>2023-02-23T17:06:31.7797407+02:00</OrderDate>
    <ShipDate>2023-02-26T15:01:40.1220628+02:00</ShipDate>
    <DeliveryDate>2023-02-26T18:26:43.5971052+02:00</DeliveryDate>
  </Order>
  <Order>
    <ID>10</ID>
    <CustomerName>yty</CustomerName>
    <CustomerEmail>yy@hh.j</CustomerEmail>
    <CustomerAdress>yty</CustomerAdress>
    <OrderDate>2023-02-23T17:08:18.6883405+02:00</OrderDate>
    <ShipDate>2023-02-26T15:01:45.7463822+02:00</ShipDate>
    <DeliveryDate>2023-02-26T18:26:48.8516402+02:00</DeliveryDate>
  </Order>
  <Order>
    <ID>11</ID>
    <CustomerName>ytytyry</CustomerName>
    <CustomerEmail>yy@hh.j</CustomerEmail>
    <CustomerAdress>trytyryyty</CustomerAdress>
    <OrderDate>2023-02-23T17:08:33.6246876+02:00</OrderDate>
    <ShipDate>2023-02-26T15:05:24.6296355+02:00</ShipDate>
    <DeliveryDate>2023-02-26T18:26:55.9565179+02:00</DeliveryDate>
  </Order>
  <Order>
    <ID>12</ID>
    <CustomerName>yael</CustomerName>
    <CustomerEmail>yael@gg.h</CustomerEmail>
    <CustomerAdress>barilan</CustomerAdress>
    <OrderDate>2023-02-26T15:42:05.0365369+02:00</OrderDate>
    <ShipDate>2023-02-26T15:42:15.408165+02:00</ShipDate>
    <DeliveryDate>2023-02-26T18:27:01.4909975+02:00</DeliveryDate>
  </Order>
  <Order>
    <ID>13</ID>
    <CustomerName>rft</CustomerName>
    <CustomerEmail>rt@k.l</CustomerEmail>
    <CustomerAdress>rt</CustomerAdress>
    <OrderDate>2023-02-26T16:20:25.5626658+02:00</OrderDate>
    <ShipDate>2023-02-26T16:20:37.4006504+02:00</ShipDate>
    <DeliveryDate>2023-02-26T18:27:31.7246382+02:00</DeliveryDate>
  </Order>
  <Order>
    <ID>14</ID>
    <CustomerName>hadasa</CustomerName>
    <CustomerEmail>hadasa@g.j</CustomerEmail>
    <CustomerAdress>hadasa</CustomerAdress>
    <OrderDate>2023-02-26T16:44:59.973359+02:00</OrderDate>
    <ShipDate>2023-02-26T16:45:08.0222588+02:00</ShipDate>
    <DeliveryDate>2023-02-26T18:27:35.0000587+02:00</DeliveryDate>
  </Order>
  <Order>
    <ID>15</ID>
    <CustomerName>fff</CustomerName>
    <CustomerEmail>g@g.k</CustomerEmail>
    <CustomerAdress>hhh</CustomerAdress>
    <OrderDate>2023-02-26T19:39:58.4143334+02:00</OrderDate>
    <ShipDate>2023-02-26T19:40:36.1863742+02:00</ShipDate>
    <DeliveryDate>2023-02-26T19:40:50.5883325+02:00</DeliveryDate>
  </Order>
  <Order>
    <ID>16</ID>
    <CustomerName>fffg</CustomerName>
    <CustomerEmail>g@g.khh</CustomerEmail>
    <CustomerAdress>hhhfgh</CustomerAdress>
    <OrderDate>2023-02-26T19:40:21.4115313+02:00</OrderDate>
    <ShipDate>2023-02-26T19:40:43.5342988+02:00</ShipDate>
    <DeliveryDate>2023-02-26T19:41:02.4469415+02:00</DeliveryDate>
  </Order>
  <Order>
    <ID>17</ID>
    <CustomerName>fffggvbdf</CustomerName>
    <CustomerEmail>gdg@g.khdgh</CustomerEmail>
    <CustomerAdress>hhhfgsdgh</CustomerAdress>
    <OrderDate>2023-02-26T19:42:08.8282248+02:00</OrderDate>
    <ShipDate>2023-02-26T19:42:41.8200435+02:00</ShipDate>
    <DeliveryDate>2023-02-26T19:43:04.8701248+02:00</DeliveryDate>
  </Order>
  <Order>
    <ID>18</ID>
    <CustomerName>fffggvbdfsdg</CustomerName>
    <CustomerEmail>gdgdg@g.khdgh</CustomerEmail>
    <CustomerAdress>hhhfgsdghdg</CustomerAdress>
    <OrderDate>2023-02-26T19:42:28.4006648+02:00</OrderDate>
    <ShipDate>2023-02-26T19:42:53.0966069+02:00</ShipDate>
    <DeliveryDate>2023-02-26T19:43:08.5619131+02:00</DeliveryDate>
  </Order>
  <Order>
    <ID>19</ID>
    <CustomerName>qwdfqw</CustomerName>
    <CustomerEmail>qdwq@qwf.aqw</CustomerEmail>
    <CustomerAdress>qdwqw</CustomerAdress>
    <OrderDate>2023-02-26T19:45:28.524365+02:00</OrderDate>
    <ShipDate>2023-02-26T19:45:41.9360663+02:00</ShipDate>
    <DeliveryDate>2023-02-26T19:45:59.8622174+02:00</DeliveryDate>
  </Order>
  <Order>
    <ID>20</ID>
    <CustomerName>qwdf</CustomerName>
    <CustomerEmail>qd@f.a</CustomerEmail>
    <CustomerAdress>qdw</CustomerAdress>
    <OrderDate>2023-02-26T19:45:12.0386619+02:00</OrderDate>
    <ShipDate>2023-02-26T19:45:53.9932271+02:00</ShipDate>
    <DeliveryDate>2023-02-26T19:46:04.9348804+02:00</DeliveryDate>
  </Order>
  <Order>
    <ID>22</ID>
    <CustomerName>gfgff</CustomerName>
    <CustomerEmail>fff@hh.l</CustomerEmail>
    <CustomerAdress>ffff</CustomerAdress>
    <OrderDate>2023-02-27T14:43:30.9133281+02:00</OrderDate>
    <ShipDate>2023-02-27T14:47:02.9036137+02:00</ShipDate>
    <DeliveryDate>2023-02-27T14:47:16.0783507+02:00</DeliveryDate>
  </Order>
  <Order>
    <ID>23</ID>
    <CustomerName>sasa</CustomerName>
    <CustomerEmail>sasa@l.l</CustomerEmail>
    <CustomerAdress>dddd</CustomerAdress>
    <OrderDate>2023-02-27T14:51:04.7237971+02:00</OrderDate>
    <ShipDate>0001-01-01T00:00:00</ShipDate>
    <DeliveryDate>0001-01-01T00:00:00</DeliveryDate>
  </Order>
  <Order>
    <ID>24</ID>
    <CustomerName>gila</CustomerName>
    <CustomerEmail>gilasasa@l.l</CustomerEmail>
    <CustomerAdress>kkk</CustomerAdress>
    <OrderDate>2023-02-27T14:51:24.9136531+02:00</OrderDate>
    <ShipDate>0001-01-01T00:00:00</ShipDate>
    <DeliveryDate>0001-01-01T00:00:00</DeliveryDate>
  </Order>
  <Order>
    <ID>25</ID>
    <CustomerName>gila</CustomerName>
    <CustomerEmail>gilasasa@l.l</CustomerEmail>
    <CustomerAdress>kkk</CustomerAdress>
    <OrderDate>2023-02-27T14:51:39.3117783+02:00</OrderDate>
    <ShipDate>0001-01-01T00:00:00</ShipDate>
    <DeliveryDate>0001-01-01T00:00:00</DeliveryDate>
  </Order>
  <Order>
    <ID>26</ID>
    <CustomerName>tamar</CustomerName>
    <CustomerEmail>tam@gmail.com</CustomerEmail>
    <CustomerAdress>gilo</CustomerAdress>
    <OrderDate>2023-02-27T14:55:36.8968062+02:00</OrderDate>
    <ShipDate>0001-01-01T00:00:00</ShipDate>
    <DeliveryDate>0001-01-01T00:00:00</DeliveryDate>
  </Order>
  <Order>
    <ID>27</ID>
    <CustomerName>yolo</CustomerName>
    <CustomerEmail>ff@gmail.vv</CustomerEmail>
    <CustomerAdress>ff</CustomerAdress>
    <OrderDate>2023-02-27T14:57:56.0251685+02:00</OrderDate>
    <ShipDate>0001-01-01T00:00:00</ShipDate>
    <DeliveryDate>0001-01-01T00:00:00</DeliveryDate>
  </Order>
  <Order>
    <ID>28</ID>
    <CustomerName>ttt</CustomerName>
    <CustomerEmail>jhhj@gmail.vv</CustomerEmail>
    <CustomerAdress>ff</CustomerAdress>
    <OrderDate>2023-02-27T14:58:30.551456+02:00</OrderDate>
    <ShipDate>0001-01-01T00:00:00</ShipDate>
    <DeliveryDate>0001-01-01T00:00:00</DeliveryDate>
  </Order>
  <Order>
    <ID>29</ID>
    <CustomerName>sara</CustomerName>
    <CustomerEmail>sara@h.k</CustomerEmail>
    <CustomerAdress>ddd</CustomerAdress>
    <OrderDate>2023-02-27T14:59:10.831264+02:00</OrderDate>
    <ShipDate>0001-01-01T00:00:00</ShipDate>
    <DeliveryDate>0001-01-01T00:00:00</DeliveryDate>
  </Order>
  <Order>
    <ID>30</ID>
    <CustomerName>rina</CustomerName>
    <CustomerEmail>rina@ff.j</CustomerEmail>
    <CustomerAdress>rett</CustomerAdress>
    <OrderDate>2023-02-27T14:59:48.3565109+02:00</OrderDate>
    <ShipDate>0001-01-01T00:00:00</ShipDate>
    <DeliveryDate>0001-01-01T00:00:00</DeliveryDate>
  </Order>
  <Order>
    <ID>21</ID>
    <CustomerName>gfgff</CustomerName>
    <CustomerEmail>fff@hh.l</CustomerEmail>
    <CustomerAdress>ffff</CustomerAdress>
    <OrderDate>2023-02-27T14:44:05.0754161+02:00</OrderDate>
    <ShipDate>2023-02-27T14:47:08.6865617+02:00</ShipDate>
    <DeliveryDate>2023-02-27T15:00:29.5860976+02:00</DeliveryDate>
  </Order>
  <Order>
    <ID>31</ID>
    <CustomerName>ttttt</CustomerName>
    <CustomerEmail>tyty@g.l</CustomerEmail>
    <CustomerAdress>yyyyy</CustomerAdress>
    <OrderDate>2023-02-27T15:34:43.4874668+02:00</OrderDate>
    <ShipDate>2023-02-27T15:34:58.2251318+02:00</ShipDate>
    <DeliveryDate>2023-02-27T15:34:59.4013237+02:00</DeliveryDate>
  </Order>
</Orders>