<?xml version="1.0" encoding="utf-8"?><ArrayOfOrderItem xmlns:xsi="http://www.w3.org/2001/XMLSchema-instance" xmlns:xsd="http://www.w3.org/2001/XMLSchema"><OrderItem><ID>10</ID><ProductID>547843</ProductID><OrderID>10</OrderID><Price>200</Price><Amount>1</Amount></OrderItem><OrderItem><ID>11</ID><ProductID>454545</ProductID><OrderID>9</OrderID><Price>200</Price><Amount>1</Amount></OrderItem><OrderItem><ID>12</ID><ProductID>454545</ProductID><OrderID>8</OrderID><Price>200</Price><Amount>1</Amount></OrderItem><OrderItem><ID>13</ID><ProductID>454545</ProductID><OrderID>7</OrderID><Price>200</Price><Amount>1</Amount></OrderItem><OrderItem><ID>14</ID><ProductID>454545</ProductID><OrderID>6</OrderID><Price>200</Price><Amount>1</Amount></OrderItem><OrderItem><ID>15</ID><ProductID>454545</ProductID><OrderID>5</OrderID><Price>200</Price><Amount>1</Amount></OrderItem><OrderItem><ID>16</ID><ProductID>790588</ProductID><OrderID>4</OrderID><Price>70</Price><Amount>1</Amount></OrderItem><OrderItem><ID>17</ID><ProductID>647940</ProductID><OrderID>3</OrderID><Price>220</Price><Amount>1</Amount></OrderItem><OrderItem><ID>18</ID><ProductID>647940</ProductID><OrderID>2</OrderID><Price>220</Price><Amount>1</Amount></OrderItem><OrderItem><ID>19</ID><ProductID>647940</ProductID><OrderID>1</OrderID><Price>220</Price><Amount>1</Amount></OrderItem><OrderItem><ID>20</ID><ProductID>449882</ProductID><OrderID>14</OrderID><Price>100</Price><Amount>1</Amount></OrderItem><OrderItem><ID>21</ID><ProductID>547843</ProductID><OrderID>16</OrderID><Price>200</Price><Amount>1</Amount></OrderItem><OrderItem><ID>22</ID><ProductID>22222</ProductID><OrderID>17</OrderID><Price>33</Price><Amount>1</Amount></OrderItem><OrderItem><ID>23</ID><ProductID>449882</ProductID><OrderID>22</OrderID><Price>100</Price><Amount>1</Amount></OrderItem><OrderItem><ID>24</ID><ProductID>547843</ProductID><OrderID>23</OrderID><Price>200</Price><Amount>1</Amount></OrderItem><OrderItem><ID>25</ID><ProductID>449882</ProductID><OrderID>24</OrderID><Price>100</Price><Amount>1</Amount></OrderItem><OrderItem><ID>26</ID><ProductID>449882</ProductID><OrderID>15</OrderID><Price>100</Price><Amount>1</Amount></OrderItem><OrderItem><ID>27</ID><ProductID>449882</ProductID><OrderID>16</OrderID><Price>100</Price><Amount>1</Amount></OrderItem><OrderItem><ID>28</ID><ProductID>647940</ProductID><OrderID>16</OrderID><Price>220</Price><Amount>1</Amount></OrderItem><OrderItem><ID>29</ID><ProductID>454545</ProductID><OrderID>24</OrderID><Price>200</Price><Amount>1</Amount></OrderItem><OrderItem><ID>30</ID><ProductID>454545</ProductID><OrderID>23</OrderID><Price>200</Price><Amount>1</Amount></OrderItem><OrderItem><ID>31</ID><ProductID>111111</ProductID><OrderID>22</OrderID><Price>555</Price><Amount>1</Amount></OrderItem><OrderItem><ID>32</ID><ProductID>790588</ProductID><OrderID>21</OrderID><Price>70</Price><Amount>1</Amount></OrderItem><OrderItem><ID>33</ID><ProductID>790588</ProductID><OrderID>20</OrderID><Price>70</Price><Amount>1</Amount></OrderItem><OrderItem><ID>34</ID><ProductID>647940</ProductID><OrderID>19</OrderID><Price>220</Price><Amount>1</Amount></OrderItem><OrderItem><ID>35</ID><ProductID>449882</ProductID><OrderID>18</OrderID><Price>100</Price><Amount>1</Amount></OrderItem><OrderItem><ID>36</ID><ProductID>22222</ProductID><OrderID>17</OrderID><Price>33</Price><Amount>1</Amount></OrderItem><OrderItem><ID>37</ID><ProductID>454545</ProductID><OrderID>16</OrderID><Price>200</Price><Amount>1</Amount></OrderItem><OrderItem><ID>38</ID><ProductID>963323</ProductID><OrderID>15</OrderID><Price>220</Price><Amount>1</Amount></OrderItem><OrderItem><ID>39</ID><ProductID>22222</ProductID><OrderID>14</OrderID><Price>33</Price><Amount>1</Amount></OrderItem><OrderItem><ID>40</ID><ProductID>22222</ProductID><OrderID>13</OrderID><Price>33</Price><Amount>1</Amount></OrderItem><OrderItem><ID>41</ID><ProductID>454545</ProductID><OrderID>12</OrderID><Price>200</Price><Amount>1</Amount></OrderItem><OrderItem><ID>42</ID><ProductID>22222</ProductID><OrderID>11</OrderID><Price>33</Price><Amount>1</Amount></OrderItem><OrderItem><ID>43</ID><ProductID>454545</ProductID><OrderID>10</OrderID><Price>200</Price><Amount>2</Amount></OrderItem><OrderItem><ID>44</ID><ProductID>45454</ProductID><OrderID>9</OrderID><Price>34</Price><Amount>1</Amount></OrderItem><OrderItem><ID>45</ID><ProductID>45454</ProductID><OrderID>8</OrderID><Price>34</Price><Amount>1</Amount></OrderItem><OrderItem><ID>46</ID><ProductID>647940</ProductID><OrderID>7</OrderID><Price>220</Price><Amount>1</Amount></OrderItem><OrderItem><ID>47</ID><ProductID>111111</ProductID><OrderID>6</OrderID><Price>555</Price><Amount>3</Amount></OrderItem><OrderItem><ID>48</ID><ProductID>111111</ProductID><OrderID>5</OrderID><Price>555</Price><Amount>3</Amount></OrderItem><OrderItem><ID>49</ID><ProductID>454545</ProductID><OrderID>4</OrderID><Price>200</Price><Amount>1</Amount></OrderItem><OrderItem><ID>50</ID><ProductID>454545</ProductID><OrderID>3</OrderID><Price>200</Price><Amount>2</Amount></OrderItem><OrderItem><ID>51</ID><ProductID>454545</ProductID><OrderID>2</OrderID><Price>200</Price><Amount>2</Amount></OrderItem><OrderItem><ID>52</ID><ProductID>790588</ProductID><OrderID>25</OrderID><Price>70</Price><Amount>1</Amount></OrderItem><OrderItem><ID>53</ID><ProductID>454545</ProductID><OrderID>26</OrderID><Price>200</Price><Amount>1</Amount></OrderItem><OrderItem><ID>54</ID><ProductID>449882</ProductID><OrderID>27</OrderID><Price>100</Price><Amount>1</Amount></OrderItem><OrderItem><ID>55</ID><ProductID>449882</ProductID><OrderID>28</OrderID><Price>100</Price><Amount>1</Amount></OrderItem><OrderItem><ID>56</ID><ProductID>111111</ProductID><OrderID>28</OrderID><Price>555</Price><Amount>1</Amount></OrderItem><OrderItem><ID>57</ID><ProductID>454545</ProductID><OrderID>29</OrderID><Price>200</Price><Amount>1</Amount></OrderItem><OrderItem><ID>58</ID><ProductID>454545</ProductID><OrderID>30</OrderID><Price>200</Price><Amount>1</Amount></OrderItem><OrderItem><ID>59</ID><ProductID>547843</ProductID><OrderID>30</OrderID><Price>400</Price><Amount>1</Amount></OrderItem><OrderItem><ID>60</ID><ProductID>123123</ProductID><OrderID>31</OrderID><Price>359</Price><Amount>1</Amount></OrderItem></ArrayOfOrderItem>