<?xml version="1.0" encoding="utf-8"?><ArrayOfProduct xmlns:xsi="http://www.w3.org/2001/XMLSchema-instance" xmlns:xsd="http://www.w3.org/2001/XMLSchema"><Product><ID>886280</ID><Name>Training shoes</Name><Price>300</Price><Category>firstStep</Category><InStock>0</InStock></Product><Product><ID>285208</ID><Name>flat shoe</Name><Price>100</Price><Category>firstStep</Category><InStock>1</InStock></Product><Product><ID>951872</ID><Name>Training shoes</Name><Price>444</Price><Category>flat</Category><InStock>7</InStock></Product><Product><ID>164085</ID><Name>Orthopedic shoes</Name><Price>250</Price><Category>flat</Category><InStock>0</InStock></Product><Product><ID>723133</ID><Name>slippers</Name><Price>400</Price><Category>sport</Category><InStock>2</InStock></Product><Product><ID>963323</ID><Name>High heels shoes</Name><Price>220</Price><Category>elegant</Category><InStock>0</InStock></Product><Product><ID>22222</ID><Name>ffffff</Name><Price>33</Price><Category>sport</Category><InStock>4</InStock></Product><Product><ID>45454</ID><Name>gtttyt</Name><Price>34</Price><Category>sport</Category><InStock>0</InStock></Product><Product><ID>647940</ID><Name>slippers</Name><Price>220</Price><Category>flat</Category><InStock>3</InStock></Product><Product><ID>790588</ID><Name>Elegant shoes</Name><Price>70</Price><Category>firstStep</Category><InStock>12</InStock></Product><Product><ID>449882</ID><Name>run shoes</Name><Price>100</Price><Category>flat</Category><InStock>0</InStock></Product><Product><ID>111111</ID><Name>tamarlinkermakore</Name><Price>555</Price><Category>flat</Category><InStock>2</InStock></Product><Product><ID>454545</ID><Name>WALK</Name><Price>200</Price><Category>elegant</Category><InStock>18</InStock></Product><Product><ID>547843</ID><Name>Training shoes</Name><Price>400</Price><Category>flat</Category><InStock>5</InStock></Product><Product><ID>123123</ID><Name>tytyty</Name><Price>359</Price><Category>sport</Category><InStock>23</InStock></Product></ArrayOfProduct>